Round,Freq_Hz,Phase_deg,Timing_samples,Gain,BestEVM
1,67.6655652601599,30.2018007250131,3.21769606538324,0.0216444379240993,0.182222524640962
2,78.876568880714,-37.8211108289473,2.7611956132392,0.0250612352849087,0.089996123471099
3,101.571003430059,161.677244684844,2.82970756792868,0.0846058622775704,0.0753849766090282
4,101.113079507638,-158.444287883918,2.82676324617707,0.0819057506214559,0.0742670231712593
5,97.0400646740131,-166.330848399882,2.788917332476,0.216268911534692,0.042091061478714
6,97.3490463633431,166.608751161476,2.54419179035581,0.195943054874106,0.0368719262709646
7,92.8709547037412,14.1420385067782,2.45959432023895,0.591344513905668,0.0197505832218285
8,94.2342106727229,-104.39336427042,2.09879507822595,0.982020204204851,0.00833993201379129
9,94.2342106727229,-104.39336427042,2.09879507822595,0.982020204204851,0.0161362064355735
10,94.2342106727229,-104.39336427042,2.09879507822595,0.982020204204851,0.0152499975389004
11,94.2342106727229,-104.39336427042,2.09879507822595,0.982020204204851,0.0152363104360048
12,94.2342106727229,-104.39336427042,2.09879507822595,0.982020204204851,0.0127522566872515
13,93.9928490645668,-83.4444246764973,2.22226136943519,1.00050494389428,0.0130948005510864
14,93.9928490645668,-83.4444246764973,2.22226136943519,1.00050494389428,0.028788559192002
15,93.9928490645668,-83.4444246764973,2.22226136943519,1.00050494389428,0.0244775467250623
16,93.9928490645668,-83.4444246764973,2.22226136943519,1.00050494389428,0.0183148199065021
17,93.9928490645668,-83.4444246764973,2.22226136943519,1.00050494389428,0.0164607669386653
18,93.9928490645668,-83.4444246764973,2.22226136943519,1.00050494389428,0.0150823475884648
19,93.9928490645668,-83.4444246764973,2.22226136943519,1.00050494389428,0.0178383095555143
20,93.9928490645668,-83.4444246764973,2.22226136943519,1.00050494389428,0.0155991056056321
21,94.0086020323438,-84.8198812249575,2.07006507947859,1.00180658566665,0.0104762445252511
