time_s,slot,state,event,reason
0.085,4,SEARCH,carrier found,"+39.7 Hz (spectral peak/median 1239)"
0.085,4,DECODE,aligned,"frame found; relative dish delays [9 9 4 9 2 0 8 2] samples"
0.085,4,DECODE,locked,"verified frame (count 2, spacecraft 42); weights now learned from verified frames"
0.795,29,DECODE,interference,"a strong extra source reaches 8 dishes (21 dB over noise); weights now cancel it"
1.703,61,DECODE,all clear,"no extra source above 3 dB"
2.213,79,DECODE,dish down,"dish 2 stopped matching verified frames (fit 0.80 -> 0.01) and was not found nearby: excluded"
3.405,121,DECODE,noisy dish,"dish 6 is 9 dB noisier than the floor; its weight drops"
3.462,123,DECODE,all clear,"no extra source above 2 dB"
3.49,124,DECODE,noisy dish,"dish 6 is 10 dB noisier than the floor; its weight drops"
3.632,129,DECODE,dish back,"probe found dish 2 again (fit 0.83, timing +0 samples): re-included"
4.313,153,DECODE,all clear,"no extra source above 4 dB"
4.795,170,FALLBACK,safe mode,"3 bad frames in a row: re-aligned every dish on the sync marker, equal weights"
4.937,175,FALLBACK,lost,"8 bad frames in a row: full carrier re-search"
5.051,179,SEARCH,carrier found,"+64.4 Hz (spectral peak/median 197)"
5.079,180,DECODE,aligned,"frame found; relative dish delays [8 8 3 8 1 0 7 1] samples"
5.079,180,DECODE,locked,"verified frame (count 178, spacecraft 42); weights now learned from verified frames"
5.987,212,DECODE,dish re-aligned,"dish 1 stopped matching verified frames (fit 0.75 -> 0.21); timing moved -12 samples, fit now 0.55"
7.151,253,FALLBACK,safe mode,"3 bad frames in a row: re-aligned every dish on the sync marker, equal weights"
7.292,258,FALLBACK,lost,"8 bad frames in a row: full carrier re-search"
7.406,262,SEARCH,carrier found,"+1440.5 Hz (spectral peak/median 1206)"
7.406,262,DECODE,aligned,"frame found; relative dish delays [0 12 7 12 5 3 11 6] samples"
7.406,262,DECODE,locked,"verified frame (count 4, spacecraft 42); weights now learned from verified frames"
