EsN0_dB,receiver,GroupCount,sum_correct_frames,sum_frames,sum_false_accepts,success_pct
-4,Choir (verified frames),10,0,500,0,0
-4,SUMPLE (blind consensus),10,0,500,0,0
-4,best single dish,10,0,500,0,0
-4,bound: knows the data,10,0,500,0,0
-4,equal gain,10,0,500,0,0
-4,sync-marker only,10,0,500,0,0
-2,Choir (verified frames),10,139,500,0,27.8
-2,SUMPLE (blind consensus),10,163,500,0,32.6
-2,best single dish,10,0,500,0,0
-2,bound: knows the data,10,166,500,0,33.2
-2,equal gain,10,156,500,0,31.2
-2,sync-marker only,10,98,500,0,19.6
0,Choir (verified frames),10,468,500,0,93.6
0,SUMPLE (blind consensus),10,476,500,0,95.2
0,best single dish,10,0,500,0,0
0,bound: knows the data,10,480,500,0,96
0,equal gain,10,470,500,0,94
0,sync-marker only,10,444,500,0,88.8
2,Choir (verified frames),10,500,500,0,100
2,SUMPLE (blind consensus),10,500,500,0,100
2,best single dish,10,0,500,0,0
2,bound: knows the data,10,500,500,0,100
2,equal gain,10,500,500,0,100
2,sync-marker only,10,500,500,0,100
4,Choir (verified frames),10,500,500,0,100
4,SUMPLE (blind consensus),10,500,500,0,100
4,best single dish,10,76,500,0,15.2
4,bound: knows the data,10,500,500,0,100
4,equal gain,10,500,500,0,100
4,sync-marker only,10,500,500,0,100
6,Choir (verified frames),10,500,500,0,100
6,SUMPLE (blind consensus),10,500,500,0,100
6,best single dish,10,394,500,0,78.8
6,bound: knows the data,10,500,500,0,100
6,equal gain,10,500,500,0,100
6,sync-marker only,10,500,500,0,100
8,Choir (verified frames),10,500,500,0,100
8,SUMPLE (blind consensus),10,500,500,0,100
8,best single dish,10,498,500,0,99.6
8,bound: knows the data,10,500,500,0,100
8,equal gain,10,500,500,0,100
8,sync-marker only,10,500,500,0,100
